{"max": [-8.22358e-07, 1.07892, 1.89242], "centroid": [-0.2759054113556571, 0.42493327987460366, 0.7908163857555608], "id": "59a2f0fd2b81bb273b6d7f17f2b61d2d", "numVertices": 57154, "min": [-0.556086, -8.70787e-08, 1.35042e-08]}
